{
    "accuracy": 0.9448590381426202,
    "precision": 0.8458904109589042,
    "recall": 0.7373134328358208
}
