{
    "accuracy": 0.95260663507109,
    "precision": 0.871244635193133,
    "recall": 0.7718631178707225
}
